text,label
"I am impressed with the performance.",0
"The product failed my expectations.",1
"The support was efficient and prompt.",0
"I hate the functionality of your software.",1
"Your support team was helpful and knowledgeable.",0
"The quality was disappointing, very disappointing.",1
"I had a delighted experience with your support.",0
"Frustrating service from start to finish.",1
"The support team resolved my issue quickly.",0
"I will never recommend your product again.",1
"Your customer service impressed me wonderfully.",0
"The item has been disappointing so far.",1
"I'm thrilled by how impressive the design was.",0
"The subscription failed terribly.",1
"Your representatives deserve exceptional recognition.",0
"I am upset with the reliability.",1
"The order exceeded my expectations.",0
"The assistance was slow and inefficient.",1
"I appreciate the quality of your product.",0
"Your agents was unprofessional and careless.",1
"The shipping was excellent, thank you!",0
"I had a frustrating experience with your help.",1
"Excellent care from start to finish.",0
"The technicians handled my issue poorly.",1
"I will definitely recommend your subscription to others.",0
"I am annoyed with the user experience.",1
"The device met my expectations.",0
"The response was inadequate and unsatisfactory.",1
"I love the interface of your website.",0
"Your team was rude and incompetent.",1
"The checkout process was efficient, thank you!",0
"I had a terrible experience with your assistance.",1
"Impressive support from start to finish.",0
"The help desk answered my issue slowly.",1
"I will definitely value your app to others.",0
"I am disappointed with the payment process.",1
"The solution exceeded my expectations.",0
"The communication was unprofessional and frustrating.",1
"I enjoy the performance of your product.",0
"Your representatives was dismissive and unhelpful.",1
"The functionality was amazing, thank you!",0
"I had a dissatisfied experience with your service.",1
"Wonderful response from start to finish.",0
"The delivery team delivered my issue carelessly.",1
"I will definitely praise your platform to others.",0
"I am frustrated with the installation.",1
"The tool surprised my expectations.",0
"The resolution was terrible and ineffective.",1
"I value the functionality of your system.",0
"Your staff was impatient and rude.",1
"The update was excellent, thank you!",0
"I had a displeased experience with your guidance.",1
"Exceptional assistance from start to finish.",0
"The technicians handled my issue unprofessionally.",1
"I will definitely appreciate your website to others.",0
"I am angry with the account management.",1
"The platform enhanced my expectations.",0
"The interaction was disappointing and frustrating.",1
"I praise the reliability of your order.",0
"Your team was negligent and unresponsive.",1
"The value for money was impressive, thank you!",0
"I had a frustrated experience with your resolution.",1
"Remarkable communication from start to finish.",0
"The customer service processed my issue rudely.",1
"I will definitely enjoy your item to others.",0
"I am furious with the design.",1
"The app met my expectations.",0
"The resolution was horrible and ineffective.",1
"I appreciate the quality of your subscription.",0
"Your representatives was inconsiderate and unhelpful.",1
"The reliability was excellent, thank you!",0
"I had a annoyed experience with your support.",1
"Wonderful care from start to finish.",0
"The agents solved my issue improperly.",1
"I will definitely love your solution to others.",0
"I am displeased with the return policy.",1
"The website exceeded my expectations.",0
"The support was careless and unprofessional.",1
"I enjoy the shipping of your package.",0
"Your technicians was incompetent and dismissive.",1
"The performance was perfect, thank you!",0
"I had a bothered experience with your care.",1
"Superb interaction from start to finish.",0
"The service team addressed my issue negligently.",1
"I will definitely value your product to others.",0
"I am outraged with the delivery.",1
"The system satisfied my expectations.",0
"The guidance was negligent and careless.",1
"I love the performance of your app.",0
"Your agents was disrespectful and unhelpful.",1
"The user experience was exceptional, thank you!",0
"I had a irritated experience with your communication.",1
"Brilliant assistance from start to finish.",0
"The delivery team delivered my issue improperly.",1
"I will definitely recommend your device to others.",0
"I am aggravated with the interface.",1
"The purchase impressed my expectations.",0
"The help was unprofessional and inadequate.",1
"I appreciate the design of your tool.",0
"Your staff was unresponsive and unprofessional.",1
"The functionality was remarkable, thank you!",0
"I had a outraged experience with your interaction.",1
"Excellent resolution from start to finish.",0
"The service team addressed my issue disappointingly.",1
"I will definitely praise your package to others.",0
"I am annoyed with the billing.",1
"The order satisfied my expectations.",0
"The resolution was insufficient and disappointing.",1
"I value the reliability of your website.",0
"Your service team was negligent and careless.",1
"The support was excellent, thank you!",0
"I had a unhappy experience with your response.",1
"Impressive guidance from start to finish.",0
"The help desk solved my issue terribly.",1
"I will definitely enjoy your platform to others.",0
"I am disappointed with the checkout process.",1
"The platform enhanced my expectations.",0
"The care was inefficient and disappointing.",1
"I praise the interface of your subscription.",0
"Your representatives was incompetent and rude.",1
"The account management was exceptional, thank you!",0
"I had a upset experience with your assistance.",1
"Remarkable response from start to finish.",0
"The staff processed my issue negligently.",1
"I will definitely appreciate your tool to others.",0
"I am frustrated with the shipping.",1
"The solution delighted my expectations.",0
"The support was awful and ineffective.",1
"I enjoy the performance of your system.",0
"Your technicians was unprofessional and dismissive.",1
"The user experience was perfect, thank you!",0
"I had a furious experience with your resolution.",1
"Excellent guidance from start to finish.",0
"The customer service handled my issue improperly.",1
"I will definitely love your software to others.",0
"I am unsatisfied with the functionality.",1
"The software exceeded my expectations.",0
"The interaction was terrible and disappointing.",1
"I appreciate the reliability of your purchase.",0
"Your service team was rude and incompetent.",1
"The quality was impressive, thank you!",0
"I had a aggravated experience with your help.",1
"Exceptional communication from start to finish.",0
"The agents addressed my issue poorly.",1
"I will definitely recommend your item to others.",0
"I am irritated with the response time.",1
"The item amazed my expectations.",0
"The response was careless and inefficient.",1
"I love the delivery of your order.",0
"Your staff was unhelpful and dismissive.",1
"The design was remarkable, thank you!",0
"I had a dissatisfied experience with your support.",1
"Wonderful assistance from start to finish.",0
"The support team solved my issue rudely.",1
"I will definitely value your subscription to others.",0
"I am bothered with the payment process.",1
"The purchase improved my expectations.",0
"The communication was negligent and disappointing.",1
"I praise the user experience of your device.",0
"Your agents was incompetent and unprofessional.",1
"The interface was perfect, thank you!",0
"I had a furious experience with your care.",1
"Brilliant guidance from start to finish.",0
"The technicians addressed my issue terribly.",1
"I will definitely enjoy your system to others.",0
"I am discontented with the installation.",1
"The package delighted my expectations.",0
"The resolution was negligent and ineffective.",1
"I appreciate the functionality of your solution.",0
"Your representatives was dismissive and unprofessional.",1
"The shipping was impressive, thank you!",0
"I had a angry experience with your interaction.",1
"Superb response from start to finish.",0
"The delivery team processed my issue disappointingly.",1
"I will definitely praise your app to others.",0
"I am upset with the account management.",1
"The website enhanced my expectations.",0
"The assistance was terrible and unprofessional.",1
"I value the design of your platform.",0
"Your service team was rude and unresponsive.",1
"The return policy was exceptional, thank you!",0
"I had a irritated experience with your resolution.",1
"Excellent interaction from start to finish.",0
"The staff handled my issue carelessly.",1
"I will definitely appreciate your order to others.",0
"I am outraged with the billing.",1
"The system amazed my expectations.",0
"The guidance was ineffective and disappointing.",1
"I enjoy the shipping of your package.",0
"Your technicians was negligent and disrespectful.",1
"The checkout process was excellent, thank you!",0
"I had a discontented experience with your communication.",1
"Remarkable assistance from start to finish.",0
"The customer service processed my issue improperly.",1
"I will definitely love your purchase to others.",0
"I am aggravated with the performance.",1
"The tool enhanced my expectations.",0
"The help was unprofessional and insufficient.",1
"I appreciate the interface of your software.",0
"Your help desk was unhelpful and incompetent.",1
"The functionality was superb, thank you!",0
"I had a bothered experience with your response.",1
"Wonderful guidance from start to finish.",0
"The representatives solved my issue negligently.",1
"I will definitely recommend your subscription to others.",0
"I am annoyed with the quality.",1
"The solution improved my expectations.",0
"The support was inadequate and terrible.",1
"I love the reliability of your item.",0
"Your delivery team was careless and unprofessional.",1
"The performance was remarkable, thank you!",0
"I had a disappointed experience with your assistance.",1
"Exceptional response from start to finish.",0
"The staff addressed my issue inefficiently.",1
"I will definitely value your device to others.",0
"I am displeased with the delivery.",1
"The software satisfied my expectations.",0
"The resolution was disappointing and ineffective.",1
"I praise the quality of your website.",0
"Your agents was unresponsive and dismissive.",1
"The user experience was excellent, thank you!",0
"I had a frustrated experience with your help.",1
"Impressive communication from start to finish.",0
"The service team solved my issue carelessly.",1
"I will definitely praise your package to others.",0
"I am upset with the response time.",1
"The order improved my expectations.",0
"The interaction was ineffective and negligent.",1
"I enjoy the design of your app.",0
"Your representatives was rude and disrespectful.",1
"The reliability was exceptional, thank you!",0
"I had a unsatisfied experience with your guidance.",1
"Brilliant assistance from start to finish.",0
"The technicians processed my issue disappointingly.",1
"I will definitely enjoy your platform to others.",0
"I am irritated with the checkout process.",1
"The platform satisfied my expectations.",0
"The care was unprofessional and terrible.",1
"I value the performance of your product.",0
"Your support team was incompetent and dismissive.",1
"The shipping was impressive, thank you!",0
"I had a bothered experience with your resolution.",1
"Wonderful response from start to finish.",0
"The agents handled my issue unprofessionally.",1
"I will definitely recommend your order to others.",0
"I am furious with the payment process.",1
"The device amazed my expectations.",0
"The communication was negligent and inefficient.",1
"I appreciate the functionality of your purchase.",0
"Your staff was dismissive and careless.",1
"The installation was perfect, thank you!",0
"I had a disappointed experience with your interaction.",1
"Exceptional guidance from start to finish.",0
"The service team solved my issue poorly.",1
"I will definitely value your website to others.",0
"I am discontented with the account management.",1
"The package delighted my expectations.",0
"The assistance was horrible and disappointing.",1
"I praise the shipping of your solution.",0
"Your customer service was unprofessional and unhelpful.",1
"The billing was remarkable, thank you!",0
"I had a angry experience with your resolution.",1
"Superb assistance from start to finish.",0
"The help desk processed my issue terribly.",1
"I will definitely enjoy your tool to others.",0
"I am outraged with the update.",1
"The item satisfied my expectations.",0
"The guidance was insufficient and unprofessional.",1
"I love the interface of your system.",0
"Your representatives was negligent and incompetent.",1
"The return policy was perfect, thank you!",0
"I had a annoyed experience with your communication.",1
"Excellent resolution from start to finish.",0
"The staff handled my issue carelessly.",1
"I will definitely value your software to others.",0
"I am aggravated with the functionality.",1
"The subscription impressed my expectations.",0
"The help was terrible and ineffective.",1
"I appreciate the reliability of your platform.",0
"Your service team was rude and unresponsive.",1
"The quality was superb, thank you!",0
"The product has exceeded wonderfully.",0
"I am very dissatisfied with my recent customer service.",1
"Your support team provided exceptional support.",0
"I would rate the reliability as terrible.",1
"Thanks for the outstanding assistance.",0
"My experience with your functionality was awful.",1
"The performance of your solution is superb.",0
"I found your communication to be inadequate.",1
"Your company has exceeded my expectations.",0
"The representatives annoyed my problem so ineffectively.",1
"What a remarkable subscription you offer!",0
"I couldn't be more angry with the interface.",1
"The guidance I received was exceptional.",0
"Your software is the most horrible I've used.",1
"The service team efficiently exceeded all my concerns.",0
"The website has failed completely.",1
"I am very grateful with my recent user experience.",0
"Your help desk provided terrible response.",1
"I would rate the design as brilliant.",0
"I'm annoyed about the assistance I received.",1
"My experience with your shipping was wonderful.",0
"The reliability of your platform is dreadful.",1
"I found your resolution to be excellent.",0
"Your company has disappointed my expectations.",1
"The staff surpassed my problem so perfectly.",0
"What a horrible item you offer!",1
"I couldn't be more delighted with the performance.",0
"The help I received was poor.",1
"Your product is the most outstanding I've used.",0
"The customer service incompetently damaged all my concerns.",1
"The subscription has enhanced wonderfully.",0
"I am very unhappy with my recent checkout process.",1
"Your representatives provided remarkable care.",0
"I would rate the quality as awful.",1
"Thanks for the superb consultation.",0
"My experience with your delivery was terrible.",1
"The interface of your tool is fantastic.",0
"I found your support to be unacceptable.",1
"Your company has impressed my expectations.",0
"The technicians disrupted my problem so carelessly.",1
"What a exceptional device you offer!",0
"I couldn't be more furious with the payment system.",1
"The interaction I received was excellent.",0
"Your system is the most disappointing I've used.",1
"The team members thoroughly surpassed all my concerns.",0
"The solution has broken completely.",1
"I am very content with my recent reliability.",0
"Your personnel provided awful assistance.",1
"I would rate the shipping as perfect.",0
"I'm irritated about the feedback I received.",1
"My experience with your customer service was outstanding.",0
"The design of your app is poor.",1
"I found your attention to be wonderful.",0
"Your company has ruined my expectations.",1
"The advisors accomplished my problem so excellently.",0
"What a dreadful service you offer!",1
"I couldn't be more thrilled with the user experience.",0
"The resolution I received was inadequate.",1
"Your software is the most excellent I've used.",0
"The help desk negligently failed all my concerns.",1
"The program has performed wonderfully.",0
"I am very frustrated with my recent product quality.",1
"Your employees provided superb support.",0
"I would rate the functionality as horrible.",1
"Thanks for the perfect information.",0
"My experience with your interface was disappointing.",1
"The quality of your purchase is great.",0
"I found your help to be subpar.",1
"Your company has delighted my expectations.",0
"The staff crashed my problem so inefficiently.",1
"What a brilliant platform you offer!",0
"I couldn't be more upset with the return policy.",1
"The troubleshooting I received was remarkable.",0
"Your item is the most terrible I've used.",1
"The specialists impressively delivered all my concerns.",0
"The service has malfunctioned completely.",1
"I am very amazed with my recent support.",0
"Your consultants provided poor guidance.",1
"I would rate the performance as wonderful.",0
"I'm displeased about the instruction I received.",1
"My experience with your response time was exceptional.",0
"The functionality of your product is awful.",1
"I found your service to be outstanding.",0
"Your company has upset my expectations.",1
"The team achieved my problem so remarkably.",0
"What a unacceptable website you offer!",1
"I couldn't be more pleased with the delivery.",0
"The interaction I received was terrible.",1
"Your purchase is the most superb I've used.",0
"The agents problematically disappointed all my concerns.",1
"The goods has improved wonderfully.",0
"I am very angry with my recent pricing.",1
"Your associates provided wonderful assistance.",0
"I would rate the customer care as dreadful.",1
"Thanks for the exceptional resolution.",0
"My experience with your return policy was horrible.",1
"The shipping of your merchandise is perfect.",0
"I found your response to be disappointing.",1
"Your company has amazed my expectations.",0
"The representatives underperformed my problem so ineffectively.",1
"What a excellent app you offer!",0
"I couldn't be more unhappy with the usability.",1
"The advice I received was outstanding.",0
"Your system is the most awful I've used.",1
"The service team flawlessly fulfilled all my concerns.",0
"The item has corrupted completely.",1
"I am very thankful with my recent performance.",0
"Your technicians provided poor support.",1
"I would rate the checkout process as brilliant.",0
"I'm frustrated about the communication I received.",1
"My experience with your quality was superb.",0
"The response time of your tool is terrible.",1
"I found your follow-up to be excellent.",0
"Your company has irritated my expectations.",1
"The personnel operated my problem so perfectly.",0
"What a disappointing platform you offer!",1
"I couldn't be more impressed with the customer service.",0
"The guidance I received was horrible.",1
"Your subscription is the most wonderful I've used.",0
"The customer service unreliably destroyed all my concerns.",1
"The device has satisfied wonderfully.",0
"I am very furious with my recent design.",1
"Your specialists provided excellent assistance.",0
"I would rate the response time as poor.",1
"Thanks for the fantastic feedback.",0
"My experience with your checkout process was awful.",1
"The customer care of your solution is remarkable.",0
"I found your consultation to be inadequate.",1
"Your company has satisfied my expectations.",0
"The advisors damaged my problem so poorly.",1
"What a outstanding package you offer!",0
"I couldn't be more angry with the quality.",1
"The communication I received was superb.",0
"Your merchandise is the most horrible I've used.",1
"The advisors professionally surpassed all my concerns.",0
"The app has crashed completely.",1
"I am very delighted with my recent shipping.",0
"Your associates provided terrible help.",1
"I would rate the interface as exceptional.",0
"I'm angry about the troubleshooting I received.",1
"My experience with your value was excellent.",0
"The delivery of your website is unacceptable.",1
"I found your assistance to be perfect.",0
"Your company has annoyed my expectations.",1
"The consultants delivered my problem so excellently.",0
"What a subpar subscription you offer!",1
"I couldn't be more happy with the functionality.",0
"The support I received was awful.",1
"Your system is the most brilliant I've used.",0
"The team members ineffectively underperformed all my concerns.",1
"The purchase has enhanced wonderfully.",0
"I am very irritated with my recent performance.",1
"Your personnel provided remarkable guidance.",0
"I would rate the support as terrible.",1
"Thanks for the excellent care.",0
"My experience with your payment system was dreadful.",1
"The pricing of your product is wonderful.",0
"I found your instruction to be disappointing.",1
"Your company has thrilled my expectations.",0
"The specialists crashed my problem so carelessly.",1
"What a exceptional tool you offer!",0
"I couldn't be more disappointed with the customer care.",1
"The resolution I received was perfect.",0
"Your platform is the most poor I've used.",1
"The employees superbly accomplished all my concerns.",0
"The system has corrupted completely.",1
"I am very pleased with my recent delivery.",0
"Your team members provided awful feedback.",1
"I would rate the value as outstanding.",0
"I'm upset about the follow-up I received.",1
"My experience with your product quality was superb.",0
"The usability of your solution is terrible.",1
"I found your support to be brilliant.",0
"Your company has upset my expectations.",1
"The advisors achieved my problem so remarkably.",0
"What a inadequate device you offer!",1
"I couldn't be more satisfied with the interface.",0
"The help I received was horrible.",1
"Your purchase is the most exceptional I've used.",0
"The consultants problematically failed all my concerns.",1
"The program has exceeded wonderfully.",0
"I am very displeased with my recent response time.",1
"Your associates provided excellent assistance.",0
"I would rate the delivery as awful.",1
"Thanks for the remarkable interaction.",0
"My experience with your support was terrible.",1
"The customer service of your item is perfect.",0
"I found your advice to be poor.",1
"Your company has impressed my expectations.",0
"The personnel destroyed my problem so inefficiently.",1
"What a great app you offer!",0
"I couldn't be more frustrated with the shipping.",1
"The attention I received was superb.",0
"Your tool is the most dreadful I've used.",1
"The team skillfully impressed all my concerns.",0
"The service has malfunctioned completely.",1
"I am very content with my recent functionality.",0
"Your team members provided disappointing information.",1
"I would rate the product quality as outstanding.",0
"I'm dissatisfied about the troubleshooting I received.",1
"My experience with your design was excellent.",0
"The performance of your software is horrible.",1
"I found your care to be wonderful.",0
"Your company has wasted my expectations.",1
"The associates accomplished my problem so perfectly.",0
"What a terrible purchase you offer!",1
"I couldn't be more grateful with the reliability.",0
"The resolution I received was poor.",1
"Your merchandise is the most remarkable I've used.",0
"The staff incompetently ruined all my concerns.",1
"The website has improved wonderfully.",0
"I am very unhappy with my recent interface.",1
"Your specialists provided wonderful feedback.",0
"I would rate the payment system as awful.",1
"Thanks for the brilliant support.",0
"My experience with your reliability was terrible.",1
"The response time of your platform is exceptional.",0
"I found your consultation to be unacceptable.",1
"Your company has delighted my expectations.",0
"The technicians underperformed my problem so poorly.",1
"What a perfect subscription you offer!",0
"I couldn't be more angry with the delivery.",1
"The information I received was excellent.",0
"Your solution is the most awful I've used.",1
"The personnel impressively fulfilled all my concerns.",0
"The product has failed completely.",1
"I am very happy with my recent usability.",0
"Your advisors provided terrible assistance.",1
"I would rate the shipping as superb.",0
"I'm furious about the help I received.",1
"My experience with your interface was remarkable.",0
"The quality of your item is poor.",1
"I found your troubleshooting to be perfect.",0
"Your company has frustrated my expectations.",1
"The employees operated my problem so excellently.",0
"What a disappointing package you offer!",1
"I couldn't be more amazed with the support.",0
"The guidance I received was terrible.",1
"Your product is the most outstanding I've used.",0
"The help desk unacceptably destroyed all my concerns.",1
"The device has enhanced wonderfully.",0
"I am very upset with my recent reliability.",1
"Your team provided excellent feedback.",0
"I would rate the user experience as horrible.",1
"Thanks for the perfect attention.",0
"My experience with your quality was disappointing.",1
"The checkout process of your website is exceptional.",0
"I found your information to be subpar.",1
"Your company has amazed my expectations.",0
"The representatives malfunctioned my problem so ineffectively.",1
"What a superb system you offer!",0
"I couldn't be more displeased with the performance.",1
"The support I received was wonderful.",0
"Your subscription is the most terrible I've used.",1
"The consultants flawlessly surpassed all my concerns.",0
"The software has disrupted completely.",1
"I am very thrilled with my recent customer care.",0
"Your personnel provided awful consultation.",1
"I would rate the reliability as brilliant.",0
"I'm irritated about the advice I received.",1
"My experience with your pricing was excellent.",0
"The delivery of your app is dreadful.",1
"I found your resolution to be remarkable.",0
"Your company has annoyed my expectations.",1
"The specialists delivered my problem so professionally.",0
"What a poor device you offer!",1
"I couldn't be more content with the design.",0
"The interaction I received was terrible.",1
"Your platform is the most superb I've used.",0
"The service team unreliably disappointed all my concerns.",1
"The item has satisfied wonderfully.",0
"I am very frustrated with my recent customer service.",1
"Your team members provided outstanding support.",0
"I would rate the functionality as poor.",1
"Thanks for the excellent help.",0
"My experience with your shipping was awful.",1
"The support of your solution is perfect.",0
"I found your feedback to be inadequate.",1
"Your company has impressed my expectations.",0
"The advisors crashed my problem so poorly.",1
"The functionality of your product is exceptional.",0
"I am completely disappointed with the delivery time.",1
"Your technical team resolved my issue brilliantly.",0
"The interface design is frustratingly confusing.",1
"I'm impressed by the quality of your service.",0
"The response from your helpdesk was inadequate.",1
"Your attention to detail exceeded my expectations.",0
"The product breaks down regularly and is unreliable.",1
"The customer support team was incredibly helpful.",0
"I regret purchasing this subscription service.",1
"Your product has transformed my workflow efficiently.",0
"The website navigation is painfully complicated.",1
"I appreciate the prompt delivery of my order.",0
"Your return policy is unnecessarily restrictive.",1
"The performance of your system is outstanding.",0
"I found the instructions confusing and unhelpful.",1
"Your staff handled my complaint professionally.",0
"The quality control of your products is terrible.",1
"I'm delighted with how easy the setup process was.",0
"Your pricing structure is excessively high.",1
"The reliability of your service is commendable.",0
"I'm frustrated by the constant technical issues.",1
"Your team's communication was transparent and clear.",0
"The product falls short of advertised capabilities.",1
"I'm thoroughly pleased with the upgrade options.",0
"Your shipping service damaged my items carelessly.",1
"The user experience is beautifully designed.",0
"I am consistently disappointed by response times.",1
"Your warranty coverage is remarkably comprehensive.",0
"The software crashes frequently during important tasks.",1
"I appreciate how quickly your team addresses concerns.",0
"Your billing system charged me incorrectly twice.",1
"The app interface is intuitive and user-friendly.",0
"I experienced numerous glitches with your platform.",1
"Your company's ethics and values shine through.",0
"The checkout process repeatedly failed to complete.",1
"I'm amazed by the thoughtfulness of your design.",0
"Your product quality has declined significantly.",1
"The customer loyalty program offers excellent benefits.",0
"I've never experienced such poor technical support.",1
"Your innovation continuously impresses me.",0
"The installation process was needlessly complicated.",1
"I value the consistency of your service quality.",0
"Your delivery team mishandled my package terribly.",1
"The feature set perfectly matches my requirements.",0
"I've encountered multiple errors using your website.",1
"Your after-sales support is exemplary.",0
"The system frequently times out during transactions.",1
"I'm grateful for your attention to customer feedback.",0
"Your warranty claim process was frustratingly slow.",1
"The integration capabilities are seamlessly executed.",0
"I found numerous defects in your supposedly premium product.",1
"Your training materials were clearly presented.",0
"The product durability is disappointingly low.",1
"I appreciate the thoughtful packaging of my order.",0
"Your customer service department transferred me seven times.",1
"The efficiency of your processes is remarkable.",0
"I'm annoyed by the constant marketing emails.",1
"Your security measures give me peace of mind.",0
"The battery life is much shorter than advertised.",1
"I'm impressed by the eco-friendly approach you've taken.",0
"Your refund process was unnecessarily complicated.",1
"The personalization options exceed my expectations.",0
"I've been waiting weeks for a simple response.",1
"Your onboarding process was smooth and informative.",0
"The product arrived damaged and unusable.",1
"I'm pleased with how your service scales with my needs.",0
"Your customer portal is confusingly designed.",1
"The reliability of your platform is outstanding.",0
"I experienced multiple billing errors in one month.",1
"Your team's expertise is evident in every interaction.",0
"The documentation lacks critical information.",1
"I appreciate the transparency of your policies.",0
"Your automated system disconnected me repeatedly.",1
"The product design shows exceptional attention to detail.",0
"I've been overcharged for services not received.",1
"Your troubleshooting guide solved my issue immediately.",0
"The customer support wait times are unacceptably long.",1
"I'm delighted by the range of available options.",0
"Your website frequently displays error messages.",1
"The speed of service delivery is impressive.",0
"I found hair in my delivered food order.",1
"Your team went above and beyond to help me.",0
"The product stopped working after just one week.",1
"I value the consistency of your quality control.",0
"Your payment system declined my valid card five times.",1
"The user interface is elegantly designed.",0
"I'm frustrated by the lack of response to my complaint.",1
"Your staff demonstrated exceptional knowledge.",0
"The build quality feels cheap and flimsy.",1
"I appreciate the detailed analytics provided.",0
"Your subscription automatically renewed without notice.",1
"The customer experience is thoughtfully crafted.",0
"I've been trying to cancel this service for months.",1
"Your product's durability has saved me money.",0
"The app constantly crashes on basic functions.",1
"I'm impressed by your company's environmental initiatives.",0
"Your return process wasted hours of my time.",1
"The accessibility features are well implemented.",0
"I found serious security vulnerabilities in your platform.",1
"Your team's responsiveness is consistently excellent.",0
"The delivery arrived three weeks late without explanation.",1
"I appreciate the intuitive nature of your design.",0
"Your product specifications were misleadingly inaccurate.",1
"The reliability of your service gives me confidence.",0
"I've experienced persistent connectivity issues.",1
"Your attention to accessibility is commendable.",0
"The customer service representative was rude and unhelpful.",1
"I'm delighted by the thoughtfulness of your packaging.",0
"Your website lost all my saved information.",1
"The product interface is refreshingly simple.",0
"I was billed incorrectly for three consecutive months.",1
"Your training program was exceptionally comprehensive.",0
"The quality control is evidently nonexistent.",1
"I appreciate the regular feature updates.",0
"Your shipping carrier damaged my package severely.",1
"The customer support team resolved my issue promptly.",0
"I've been transferred between departments repeatedly.",1
"Your commitment to quality is evident.",0
"The software update deleted all my saved data.",1
"I'm impressed by your transparent business practices.",0
"Your product failed during a critical presentation.",1
"The warranty service was handled efficiently.",0
"I found your cancellation policy deliberately obscure.",1
"Your technical team provided clear solutions.",0
"The system logged me out repeatedly during checkout.",1
"I appreciate the seamless integration capabilities.",0
"Your customer service hung up on me twice.",1
"The product exceeds industry standards significantly.",0
"I'm disappointed by the hidden fees in your service.",1
"Your response time to inquiries is impressively fast.",0
"The product arrived with multiple parts missing.",1
"I'm pleased with the intuitive design of your system.",0
"Your billing department made errors three months running.",1
"The attention to detail in your service is noticeable.",0
"I received someone else's order due to your mistake.",1
"Your staff handled my complex request expertly.",0
"The product broke after minimal normal use.",1
"I value the consistent quality of your offerings.",0
"Your automated system repeatedly misunderstood my request.",1
"The comprehensive documentation solved my problem.",0
"I've been on hold for over two hours today.",1
"Your team's professionalism is exemplary.",0
"The app deleted my data without warning.",1
"I appreciate the ethical sourcing of your materials.",0
"Your customer service seems deliberately unhelpful.",1
"The user experience is thoughtfully designed.",0
"I found dangerous defects in your supposedly safe product.",1
"Your prompt handling of my return was appreciated.",0
"The product quality is inconsistent between batches.",1
"I'm delighted by your company's sustainability efforts.",0
"Your website crashed during my important transaction.",1
"The clarity of your communication is refreshing.",0
"I received expired products that you refused to replace.",1
"Your attention to customer needs is evident.",0
"The service representative was condescending and rude.",1
"I appreciate how your product integrates with my workflow.",0
"Your shipping department sent my package to the wrong country.",1
"The consistent performance of your service impresses me.",0
"I've been charged monthly despite cancelling my subscription.",1
"Your team's expertise solved my complex problem.",0
"The product shows signs of poor manufacturing.",1
"I value the transparency of your business practices.",0
"Your support team ignored my urgent requests for days.",1
"The functionality perfectly matches my requirements.",0
"I received a damaged item with no return option.",1
"Your customer service exceeded my high expectations.",0
"The website misleadingly advertised features not included.",1
"I'm impressed by the thoughtfulness of your design.",0
"Your delivery service left my package in the rain.",1
"The reliability of your product saves me time daily.",0
"I've encountered nothing but problems with your service.",1
"Your attention to security details is commendable.",0
"The product failed its basic function consistently.",1
"I appreciate the consistent quality of your support.",0
"Your warranty claim was denied on technicalities.",1
"The product interface is elegantly intuitive.",0
"I found significant security risks in your platform.",1
"Your team resolved my issue on the first attempt.",0
"The customer service department transferred me endlessly.",1
"I'm delighted by the ethical standards of your company.",0
"Your platform logged me out and lost my work.",1
"The product enhancement genuinely improved my experience.",0
"I've been waiting three weeks for a simple refund.",1
"Your commitment to quality is evident in every detail.",0
"The delivery arrived damaged beyond usability.",1
"I appreciate the straightforward billing practices.",0
"Your technical support provided incorrect information repeatedly.",1
"The efficiency of your system saves me significant time.",0
"I found your cancellation process deliberately obstructive.",1
"Your attention to customer feedback is noticeable.",0
"The product packaging was inadequate and caused damage.",1
"I'm impressed by your proactive customer service approach.",0
"Your website navigation is frustratingly illogical.",1
"The reliability of your system gives me confidence.",0
"I've been double-charged multiple times without resolution.",1
"Your staff went beyond expectations to solve my issue.",0
"The product malfunctioned during important use.",1
"I appreciate the comprehensive nature of your solution.",0
"Your support team seems untrained and uninformed.",1
"The user interface design is pleasingly intuitive.",0
"I experienced persistent errors with basic functionality.",1
"Your team's knowledge helped solve my complex issue.",0
"The subscription renewed automatically without warning.",1
"I value the seamless integration with my existing tools.",0
"Your delivery service consistently misses scheduled windows.",1
"The product design shows thoughtful consideration.",0
"I found the hidden charges deceptive and frustrating.",1
"Your technical team resolved my issue efficiently.",0
"The customer service representative was dismissive of my concerns.",1
"I appreciate the regular improvements to your service.",0
"Your product failed its basic purpose repeatedly.",1
"The update process was smoothly implemented.",0
"I received the wrong order twice in succession.",1
"Your attention to quality control is evident.",0
"The website crashed and lost my completed application.",1
"I'm delighted by the intuitive nature of your interface.",0
"Your shipping department damaged valuable items carelessly.",1
"The consistency of your service quality is remarkable.",0
"I've been trying to resolve this issue for months unsuccessfully.",1
"Your team demonstrated exceptional professionalism.",0
"The product quality declined significantly after purchase.",1
"I appreciate the transparent nature of your policies.",0
"Your billing system charged me for services never received.",1
"The product setup was refreshingly straightforward.",0
"I found critical flaws in your security implementation.",1
"Your staff handled my complaint with genuine care.",0
"The automated system repeatedly failed to recognize my account.",1
"I'm impressed by your commitment to customer satisfaction.",0
"Your platform frequently loses my saved preferences.",1
"The feature enhancement genuinely improved functionality.",0
"I received incomplete service despite paying premium rates.",1
"Your team's responsiveness to my urgent issue was excellent.",0
"The product arrived with obvious manufacturing defects.",1
"I value your company's ethical approach to business.",0
"Your customer service department seems deliberately unhelpful.",1
"The reliability of your platform enhances my productivity.",0
"I experienced persistent billing errors for three months.",1
"Your attention to detail in product design is exceptional.",0
"The service quality seems to deliberately fall below standards.",1
"I appreciate the comprehensive documentation provided.",0
"Your system repeatedly rejected my valid payment information.",1
"The performance consistently exceeds my expectations.",0
"I found the warranty terms misleading and restrictive.",1
"Your technical support provided clear and effective solutions.",0
"The product packaging caused damage to the contents.",1
"I'm delighted by the thoughtful design of your interface.",0
"Your shipping service delivered to the wrong address repeatedly.",1
"The customer experience shows careful consideration.",0
"I've been overcharged without explanation or correction.",1
"Your team resolved my complex issue efficiently.",0
"The product malfunctioned dangerously during normal use.",1
"I appreciate the ethical standards evident in your business.",0
"Your support staff seemed untrained and confused.",1
"The intuitive design of your product enhances usability.",0
"I found significant security vulnerabilities in your platform.",1
"Your responsiveness to customer feedback is commendable.",0
"The system crashed during a critical transaction.",1
"I value the consistent performance of your service.",0
"Your delivery service left expensive items unprotected in rain.",1
"The clarity of your communication prevents misunderstandings.",0
"I received the wrong product three times consecutively.",1
"Your attention to sustainability is impressive.",0
"The billing department refused to correct their obvious mistake.",1
"I appreciate the proactive nature of your customer service.",0
"Your website consistently provides misleading information.",1
"The product quality exceeds industry standards.",0
"I found the cancellation process deliberately complicated.",1
"Your team handled my unusual request with expertise.",0
"The product broke during first use despite careful handling.",1
"I'm impressed by your company's ethical standards.",0
"Your customer service department transferred me seven times.",1
"The reliability of your platform gives me confidence.",0
"I experienced persistent issues that support couldn't resolve.",1
"Your staff demonstrated exceptional knowledge and patience.",0
"The product failed to perform basic functions consistently.",1
"I appreciate the transparent approach to customer service.",0
"Your website lost my cart contents repeatedly.",1
"The thoughtfulness of your design enhances usability.",0
"I received damaged goods that your company refused to replace.",1
"Your technical team resolved my complex issue efficiently.",0
"The system security appears fundamentally flawed.",1
"I'm delighted by your company's responsive customer service.",0
"Your delivery arrived weeks late without explanation.",1
"The product performance consistency is remarkable.",0
"I found your return policy deliberately restrictive.",1
"Your attention to product quality is evident.",0
"The customer service representative was rudely dismissive.",1
"I value the comprehensive nature of your solution.",0
"Your billing system made errors three consecutive months.",1
"The user interface is intuitively designed for efficiency.",0
"I've been trying unsuccessfully to cancel for months.",1
"Your team's expertise helped solve my unusual problem.",0
"The product arrived with multiple critical components missing.",1
"I appreciate the ethical sourcing evident in your business.",0
"Your automated system repeatedly hung up on my calls.",1
"The consistency of your service quality is impressive.",0
"I received spoiled food that made my family ill.",1
"Your staff resolved my issue with genuine care.",0
"The website contains misleading product specifications.",1
"The integration capabilities are remarkably flexible.",0
"Your mobile application drains my battery excessively.",1
"I'm impressed by the thoughtful packaging design.",0
"The voice recognition system consistently misinterprets commands.",1
"Your cloud storage solution provides exceptional value.",0
"I received expired products with tampered sealing.",1
"The analytics dashboard offers insightful visualization.",0
"Your membership fees increased without prior notification.",1
"I appreciate the biodegradable packaging initiative.",0
"The virtual assistant feature is frustratingly inaccurate.",1
"Your device synchronization works flawlessly across platforms.",0
"I encountered misleading information during the webinar.",1
"The offline functionality exceeded my expectations.",0
"Your promotional materials contained significant errors.",1
"I value the cross-platform compatibility of your solution.",0
"The verification process repeatedly rejected my valid documents.",1
"Your loyalty program offers genuinely valuable rewards.",0
"I discovered hidden charges after completing my purchase.",1
"The customization options are impressively comprehensive.",0
"Your automated email system sent me contradictory instructions.",1
"I appreciate the energy efficiency of your appliance.",0
"The connectivity drops consistently during important calls.",1
"Your on-site technician resolved the issue expertly.",0
"I found the networking capabilities severely limited.",1
"The multi-user accessibility is thoughtfully implemented.",0
"Your search algorithm returns irrelevant results consistently.",1
"I'm delighted by the water-resistant properties.",0
"The bluetooth pairing process is unnecessarily complicated.",1
"Your materials sourcing transparency is commendable.",0
"I experienced persistent echo during video conferences.",1
"The facial recognition feature works accurately every time.",0
"Your business hours information was outdated across platforms.",1
"I appreciate the backward compatibility with legacy systems.",0
"The augmented reality feature crashed my device repeatedly.",1
"Your accessibility options accommodate diverse needs perfectly.",0
"I found the assembly instructions missing crucial steps.",1
"The collaboration tools streamline our workflow efficiently.",0
"Your international shipping restrictions weren't disclosed initially.",1
"I value the noise-cancellation capability in loud environments.",0
"The virtual reality experience caused significant motion sickness.",1
"Your language translation feature is impressively accurate.",0
"I received contradictory information from different representatives.",1
"The gesture controls are intuitively implemented.",0
"Your customer portal disabled critical features without warning.",1
"I appreciate the heat dissipation design in your hardware.",0
"The synchronization failed repeatedly between devices.",1
"Your encryption standards exceed industry requirements.",0
"I found the fingerprint reader unreliable in normal conditions.",1
"The modular design allows convenient upgrades.",0
"Your two-factor authentication locked me out unnecessarily.",1
"I'm impressed by the scratch-resistant surface.",0
"The haptic feedback is jarringly inconsistent.",1
"Your voice assistant understands natural language perfectly.",0
"I experienced persistent lag during routine operations.",1
"The wireless charging works through thick cases effortlessly.",0
"Your image recognition system misidentified basic objects.",1
"I appreciate the rapid boot-up sequence.",0
"The touchscreen becomes unresponsive unpredictably.",1
"Your microphone quality captures audio clearly.",0
"I found the location tracking feature invasively enabled by default.",1
"The shock-resistant design saved my device multiple times.",0
"Your night mode photography produces grainy results consistently.",1
"I value the child-safety features implemented thoughtfully.",0
"The algorithm made discriminatory recommendations repeatedly.",1
"Your automatic updates install seamlessly without disruption.",0
"I found privacy-violating code in your application.",1
"The waterproof rating actually meets real-world conditions.",0
"Your customer database exposed my personal information.",1
"I appreciate the sustainable manufacturing processes.",0
"The digital signature feature failed during important contract signing.",1
"Your power management system extends battery life impressively.",0
"I received counterfeit products through your official channel.",1
"The handwriting recognition interprets accurately.",0
"Your data migration tool corrupted my files irreversibly.",1
"I'm pleased with the glare reduction technology.",0
"The predictive text feature consistently suggests inappropriate words.",1
"Your heat sensor calibration is impressively precise.",0
"I discovered unauthorized access attempts through your portal.",1
"The lightweight design maintains durability impressively.",0
"Your scheduling algorithm double-booked my appointments.",1
"I appreciate the tactile feedback on physical buttons.",0
"The location services drained my battery completely.",1
"Your dual-speaker setup produces balanced audio.",0
"I found the closed captioning consistently inaccurate.",1
"The multi-factor authentication provides peace of mind.",0
"Your training materials contained outdated instructions.",1
"I value the color accuracy of your display technology.",0
"The temperature regulation causes overheating during normal use.",1
"Your accessibility documentation is comprehensively helpful.",0
"I received someone else's confidential documents through your system.",1
"The distortion-free zoom maintains image quality.",0
"Your inventory system showed in-stock items that were unavailable.",1
"I appreciate the low-light camera performance.",0
"The authentication system rejected my legitimate credentials repeatedly.",1
"Your air filtration technology removes allergens effectively.",0
"I found significant security vulnerabilities in your IoT device.",1
"The intelligent assistant learns my preferences accurately.",0
"Your customer profile system lost my saved information.",1
"I'm impressed by the sustainable packaging approach.",0
"The video compression algorithm deteriorates quality unnecessarily.",1
"Your password recovery process works securely and efficiently.",0
"I experienced data throttling despite having an unlimited plan.",1
"The biometric security implementation is reliable.",0
"Your server migration caused extended unplanned downtime.",1
"I appreciate the drag-and-drop simplicity of your interface.",0
"The AI recommendation engine suggests irrelevant items consistently.",1
"Your anti-glare screen works effectively outdoors.",0
"I found the voice recognition unusable with my accent.",1
"The crash recovery restored my work perfectly.",0
"Your installation wizard corrupted my operating system.",1
"I value the precise calibration of your measurement tools.",0
"The permission system accessed my contacts without authorization.",1
"Your radiation shielding exceeds safety standards.",0
"I received defective replacements for defective products.",1
"The ergonomic design prevents wrist strain effectively.",0
"Your keyboard layout changes reset without warning.",1
"I appreciate the tight integration with industry-standard tools.",0
"The color reproduction is noticeably inaccurate.",1
"Your sound isolation technology works remarkably well.",0
"I found critical medical information missing from my exported data.",1
"The handoff between devices is seamlessly implemented.",0
"Your navigation system directed me to dangerous areas repeatedly.",1
"I'm impressed by the durability of the hinges.",0
"The proximity sensor malfunctions during calls consistently.",1
"Your text-to-speech engine pronounces naturally.",0
"I discovered unauthorized charges after using your marketplace.",1
"The fan noise levels remain pleasantly unnoticeable.",0
"Your temperature sensor shows wildly inaccurate readings.",1
"I appreciate the smooth scrolling implementation.",0
"The fragile packaging resulted in damaged components.",1
"Your parental controls are comprehensively customizable.",0
"I found the auto-correction feature embarrassingly incorrect in professional emails.",1
"The adaptive brightness adjusts perfectly to ambient conditions.",0
"Your server maintenance occurred during our critical presentation.",1
"I value the wide viewing angles of your display.",0
"The motion controls activate unexpectedly during normal use.",1
"Your customer profiling respects privacy preferences properly.",0
"I experienced significant data loss after your recommended procedure.",1
"The high-resolution display renders text crisply.",0
"Your software falsely flagged legitimate content as violating terms.",1
"I appreciate the anti-fingerprint coating on the screen.",0
"The notification system overloaded my device with repeated alerts.",1
"Your diagnostic tools identified the problem immediately.",0
"I found the accessibility options severely limited for vision impairment.",1
"The pressure sensitivity is precisely calibrated.",0
"Your pricing algorithm charged different amounts for identical services.",1
"I'm impressed by the dust-resistant design.",0
"The payment processing system declined valid international cards.",1
"Your macro photography capability captures incredible detail.",0
"I discovered unauthorized third-party data sharing in your privacy policy.",1
"The rapid charge technology works as advertised.",0
"Your smart home integration randomly activates appliances nightly.",1
"I appreciate the palm rejection technology when writing.",0
"The content filtering blocked legitimate educational resources.",1
"Your dedicated support line connects quickly to experts.",0
"I found evidence of algorithmic discrimination in your approval system.",1
"The anti-theft measures provide genuine security.",0
"Your marketing emails continued despite multiple unsubscribe attempts.",1
"I value the predictive maintenance notifications.",0
"The automatic categorization misfiles important documents consistently.",1
"Your color calibration tools produce professional results.",0
"I received obviously used items sold as new products.",1
"The speech-to-text accuracy is remarkably high.",0
"Your customer portal exposed other users' information to me.",1
"I appreciate the high-resolution audio support.",0
"The OCR functionality misreads basic text consistently.",1
"Your video stabilization produces smooth results even with movement.",0
"I found the cooling system inadequate for advertised performance.",1
"The stylus responsiveness feels natural on screen.",0
"Your vehicle routing system directed me through closed roads repeatedly.",1
"I'm impressed by the durability after multiple drop tests.",0
"The automated backup failed to restore critical files.",1
"Your noise reduction algorithm preserves voice clarity.",0
"I discovered my account had been accessed from unauthorized locations.",1
"The vapor barrier effectively protects internal components.",0
"Your file conversion corrupted my presentation irreversibly.",1
"I appreciate the automatic language detection feature.",0
"The facial recognition unlocked for an unauthorized person.",1
"Your hardware diagnostics identified failures proactively.",0
"I found the screen protector incompatible despite being marketed specifically.",1
"The computational photography produces stunning low-light images.",0
"Your quantity limits changed during my checkout process.",1
"I value the efficient power management system.",0
"The quality control allowed visibly damaged products to ship.",1
"Your cross-device notification system works seamlessly.",0
"I received incomplete components with missing essential parts.",1
"The zoom microphone captures distant audio clearly.",0
"Your auto-renewal charged me after explicit cancellation.",1
"I appreciate the sustainable material choices in construction.",0
"The camera focus hunts constantly in normal lighting conditions.",1
"Your customer analytics provided valuable business insights.",0
"I found evidence that refurbished devices were sold as new.",1
"The screen resolution makes small text perfectly readable.",0
"Your verification system rejected my government-issued ID repeatedly.",1
"I'm impressed by the intuitive slide-to-organize gesture.",0
"The data recovery service charged extra for basic retrieval.",1
"Your intelligent routing significantly reduced our response time.",0
"I discovered unexpected limitations after purchasing the premium tier.",1
"The magnetic attachment mechanism is cleverly designed.",0
"Your text prediction algorithm suggested inappropriate content in professional context.",1
"I appreciate the tactile confirmation when buttons are pressed.",0
"The navigation system consistently underestimates travel times.",1
"Your quality assurance process ensures consistent products.",0
"I found persistent memory leaks in your flagship application.",1
"The self-cleaning technology actually works as described.",0
"Your customer targeting algorithm makes disturbingly accurate assumptions.",1
"I value the thoughtfully implemented dark mode across all screens.",0
"The audio calibration produced distorted results at normal volumes.",1
"Your API documentation covers edge cases comprehensively.",0
"I experienced repeated kernel panics after your recommended update.",1
"The device recovery options preserved my settings perfectly.",0
"Your chatbot provided dangerously incorrect medical information.",1